Timestamp,Filename,Average_Azi_Speed
2025-01-06 19:01:00,pos@1736208060.000.h5,4.93126
2025-01-06 19:02:00,pos@1736208120.000.h5,4.959533333333333
2025-01-06 19:03:00,pos@1736208180.000.h5,4.955946666666667
2025-01-06 19:04:00,pos@1736208240.000.h5,4.96544
2025-01-06 19:05:00,pos@1736208300.000.h5,4.969166666666666
2025-01-06 19:06:00,pos@1736208360.000.h5,4.945679999999999
2025-01-06 19:07:00,pos@1736208420.000.h5,3.83292
2025-01-06 19:08:00,pos@1736208480.000.h5,3.59444
2025-01-06 19:09:00,pos@1736208540.000.h5,4.9331
2025-01-06 19:10:00,pos@1736208600.000.h5,4.956673333333334
2025-01-06 19:11:00,pos@1736208660.000.h5,4.947913333333333
2025-01-06 19:12:00,pos@1736208720.000.h5,4.9532533333333335
2025-01-06 19:13:00,pos@1736208780.000.h5,4.928333333333334
2025-01-06 19:14:00,pos@1736208840.000.h5,4.938046666666667
2025-01-06 19:15:00,pos@1736208900.000.h5,2.6891200000000004
2025-01-06 19:16:00,pos@1736208960.000.h5,4.748126666666667
2025-01-06 19:17:00,pos@1736209020.000.h5,4.963626666666667
2025-01-06 19:18:00,pos@1736209080.000.h5,4.951946666666666
2025-01-06 19:19:00,pos@1736209140.000.h5,4.9388
2025-01-06 19:20:00,pos@1736209200.000.h5,4.936046666666667
2025-01-06 19:21:00,pos@1736209260.000.h5,4.94996
2025-01-06 19:22:00,pos@1736209320.000.h5,4.96582
2025-01-06 19:23:00,pos@1736209380.000.h5,2.4644399999999997
2025-01-06 19:24:00,pos@1736209440.000.h5,4.955733333333334
2025-01-06 19:25:00,pos@1736209500.000.h5,4.97154
2025-01-06 19:26:00,pos@1736209560.000.h5,4.961446666666666
2025-01-06 19:27:00,pos@1736209620.000.h5,4.951593333333333
2025-01-06 19:28:00,pos@1736209680.000.h5,4.949493333333333
2025-01-06 19:29:00,pos@1736209740.000.h5,4.930646666666666
2025-01-06 19:30:00,pos@1736209800.000.h5,4.949979999999999
2025-01-06 19:31:00,pos@1736209860.000.h5,2.4851533333333338
2025-01-06 19:32:00,pos@1736209920.000.h5,4.929399999999999
2025-01-06 19:33:00,pos@1736209980.000.h5,4.9516599999999995
2025-01-06 19:34:00,pos@1736210040.000.h5,4.977886666666667
2025-01-06 19:35:00,pos@1736210100.000.h5,4.96066
2025-01-06 19:36:00,pos@1736210160.000.h5,4.933913333333333
2025-01-06 19:37:00,pos@1736210220.000.h5,4.94458
2025-01-06 19:38:00,pos@1736210280.000.h5,4.04966
2025-01-06 19:39:00,pos@1736210340.000.h5,3.40286
2025-01-06 19:40:00,pos@1736210400.000.h5,4.95578
2025-01-06 19:41:00,pos@1736210460.000.h5,4.947126666666667
2025-01-06 19:42:00,pos@1736210520.000.h5,4.974573333333334
2025-01-06 19:43:00,pos@1736210580.000.h5,4.964893333333333
2025-01-06 19:44:00,pos@1736210640.000.h5,4.96288
2025-01-06 19:45:00,pos@1736210700.000.h5,4.956566666666667
2025-01-06 19:46:00,pos@1736210760.000.h5,2.7737133333333333
2025-01-06 19:47:00,pos@1736210820.000.h5,4.670026666666667
2025-01-06 19:48:00,pos@1736210880.000.h5,4.953486666666667
2025-01-06 19:49:00,pos@1736210940.000.h5,4.954606666666667
2025-01-06 19:50:00,pos@1736211000.000.h5,4.975486666666666
2025-01-06 19:51:00,pos@1736211060.000.h5,4.956873333333333
2025-01-06 19:52:00,pos@1736211120.000.h5,4.96922
2025-01-06 19:53:00,pos@1736211180.000.h5,4.974973333333334
2025-01-06 19:54:00,pos@1736211240.000.h5,2.4582333333333337
2025-01-06 19:55:00,pos@1736211300.000.h5,4.959413333333333
2025-01-06 19:56:00,pos@1736211360.000.h5,4.959020000000001
2025-01-06 19:57:00,pos@1736211420.000.h5,4.97994
2025-01-06 19:58:00,pos@1736211480.000.h5,4.959440000000001
2025-01-06 19:59:00,pos@1736211540.000.h5,4.93554
2025-01-06 20:00:00,pos@1736211600.000.h5,4.947046666666666
2025-01-06 20:01:00,pos@1736211660.000.h5,4.95708
2025-01-06 20:02:00,pos@1736211720.000.h5,2.4827133333333333
2025-01-06 20:03:00,pos@1736211780.000.h5,4.9457466666666665
2025-01-06 20:04:00,pos@1736211840.000.h5,4.936686666666667
2025-01-06 20:05:00,pos@1736211900.000.h5,4.96032
2025-01-06 20:06:00,pos@1736211960.000.h5,4.95934
2025-01-06 20:07:00,pos@1736212020.000.h5,4.9366666666666665
2025-01-06 20:08:00,pos@1736212080.000.h5,4.959126666666667
2025-01-06 20:09:00,pos@1736212140.000.h5,4.03552
2025-01-06 20:10:00,pos@1736212200.000.h5,3.40544
2025-01-06 20:11:00,pos@1736212260.000.h5,4.951246666666667
2025-01-06 20:12:00,pos@1736212320.000.h5,4.964526666666667
2025-01-06 20:13:00,pos@1736212380.000.h5,4.958913333333333
2025-01-06 20:14:00,pos@1736212440.000.h5,4.974253333333333
2025-01-06 20:15:00,pos@1736212500.000.h5,4.96688
2025-01-06 20:16:00,pos@1736212560.000.h5,4.953686666666666
2025-01-06 20:17:00,pos@1736212620.000.h5,2.76298
2025-01-06 20:18:00,pos@1736212680.000.h5,4.681633333333333
2025-01-06 20:19:00,pos@1736212740.000.h5,4.947873333333333
2025-01-06 20:20:00,pos@1736212800.000.h5,4.945533333333333
2025-01-06 20:21:00,pos@1736212860.000.h5,4.9553
2025-01-06 20:22:00,pos@1736212920.000.h5,4.9492199999999995
2025-01-06 20:23:00,pos@1736212980.000.h5,4.951793333333334
2025-01-06 20:24:00,pos@1736213040.000.h5,4.961546666666666
2025-01-06 20:25:00,pos@1736213100.000.h5,2.46278
2025-01-06 20:26:00,pos@1736213160.000.h5,4.956906666666667
2025-01-06 20:27:00,pos@1736213220.000.h5,4.968286666666667
2025-01-06 20:28:00,pos@1736213280.000.h5,4.94472
2025-01-06 20:29:00,pos@1736213340.000.h5,4.95558
2025-01-06 20:30:00,pos@1736213400.000.h5,4.938173333333333
2025-01-06 20:31:00,pos@1736213460.000.h5,4.945186666666667
2025-01-06 20:32:00,pos@1736213520.000.h5,4.970306666666666
2025-01-06 20:33:00,pos@1736213580.000.h5,2.487953333333333
2025-01-06 20:34:00,pos@1736213640.000.h5,4.962106666666666
2025-01-06 20:35:00,pos@1736213700.000.h5,4.953993333333333
2025-01-06 20:36:00,pos@1736213760.000.h5,4.98562
2025-01-06 20:37:00,pos@1736213820.000.h5,4.977166666666666
2025-01-06 20:38:00,pos@1736213880.000.h5,4.9533
2025-01-06 20:39:00,pos@1736213940.000.h5,4.950773333333333
2025-01-06 20:40:00,pos@1736214000.000.h5,4.006293333333334
2025-01-06 20:41:00,pos@1736214060.000.h5,3.4331066666666668
2025-01-06 20:42:00,pos@1736214120.000.h5,4.951546666666666
2025-01-06 20:43:00,pos@1736214180.000.h5,4.957393333333333
2025-01-06 20:44:00,pos@1736214240.000.h5,4.94974
2025-01-06 20:45:00,pos@1736214300.000.h5,4.973546666666667
2025-01-06 20:46:00,pos@1736214360.000.h5,4.978553333333333
2025-01-06 20:47:00,pos@1736214420.000.h5,4.96586
2025-01-06 20:48:00,pos@1736214480.000.h5,2.7265266666666665
2025-01-06 20:49:00,pos@1736214540.000.h5,4.725266666666666
2025-01-06 20:50:00,pos@1736214600.000.h5,4.96354
2025-01-06 20:51:00,pos@1736214660.000.h5,4.962553333333333
2025-01-06 20:52:00,pos@1736214720.000.h5,4.94666
2025-01-06 20:53:00,pos@1736214780.000.h5,4.9601733333333335
2025-01-06 20:54:00,pos@1736214840.000.h5,4.9659466666666665
2025-01-06 20:55:00,pos@1736214900.000.h5,4.97182
2025-01-06 20:56:00,pos@1736214960.000.h5,2.464993333333333
2025-01-06 20:57:00,pos@1736215020.000.h5,4.957746666666667
2025-01-06 20:58:00,pos@1736215080.000.h5,4.97816
2025-01-06 20:59:00,pos@1736215140.000.h5,4.9597999999999995
2025-01-06 21:00:00,pos@1736215200.000.h5,4.956306666666666
2025-01-06 21:01:00,pos@1736215260.000.h5,4.962246666666666
2025-01-06 21:02:00,pos@1736215320.000.h5,4.952586666666667
2025-01-06 21:03:00,pos@1736215380.000.h5,4.96708
2025-01-06 21:04:00,pos@1736215440.000.h5,2.4954066666666668
2025-01-06 21:05:00,pos@1736215500.000.h5,4.945293333333334
2025-01-06 21:06:00,pos@1736215560.000.h5,4.956853333333334
2025-01-06 21:07:00,pos@1736215620.000.h5,4.9899466666666665
2025-01-06 21:08:00,pos@1736215680.000.h5,4.953853333333333
2025-01-06 21:09:00,pos@1736215740.000.h5,4.96282
2025-01-06 21:10:00,pos@1736215800.000.h5,4.961026666666667
2025-01-06 21:11:00,pos@1736215860.000.h5,3.861126666666667
2025-01-06 21:12:00,pos@1736215920.000.h5,3.59206
2025-01-06 21:13:00,pos@1736215980.000.h5,4.971513333333333
2025-01-06 21:14:00,pos@1736216040.000.h5,4.9697000000000005
2025-01-06 21:15:00,pos@1736216100.000.h5,4.9647733333333335
2025-01-06 21:16:00,pos@1736216160.000.h5,4.972393333333334
2025-01-06 21:17:00,pos@1736216220.000.h5,4.978113333333333
2025-01-06 21:18:00,pos@1736216280.000.h5,4.961153333333333
2025-01-06 21:19:00,pos@1736216340.000.h5,2.53014
2025-01-06 21:20:00,pos@1736216400.000.h5,4.91076
2025-01-06 21:21:00,pos@1736216460.000.h5,4.96588
2025-01-06 21:22:00,pos@1736216520.000.h5,4.963886666666666
2025-01-06 21:23:00,pos@1736216580.000.h5,4.957526666666666
2025-01-06 21:24:00,pos@1736216640.000.h5,4.956206666666667
2025-01-06 21:25:00,pos@1736216700.000.h5,4.965653333333333
2025-01-06 21:26:00,pos@1736216760.000.h5,4.970833333333333
2025-01-06 21:27:00,pos@1736216820.000.h5,2.4720933333333335
2025-01-06 21:28:00,pos@1736216880.000.h5,4.957233333333334
2025-01-06 21:29:00,pos@1736216940.000.h5,4.956980000000001
2025-01-06 21:30:00,pos@1736217000.000.h5,4.958506666666667
2025-01-06 21:31:00,pos@1736217060.000.h5,4.955193333333333
2025-01-06 21:32:00,pos@1736217120.000.h5,4.958
2025-01-06 21:33:00,pos@1736217180.000.h5,4.947326666666666
2025-01-06 21:34:00,pos@1736217240.000.h5,4.958346666666667
2025-01-06 21:35:00,pos@1736217300.000.h5,2.4877933333333337
2025-01-06 21:36:00,pos@1736217360.000.h5,4.958293333333333
2025-01-06 21:37:00,pos@1736217420.000.h5,4.954326666666667
2025-01-07 10:30:45,pos@1736217480.000.h5,4.964826666666666
2025-01-07 10:31:00,pos@1736263860.000.h5,4.919548936170212
2025-01-07 10:32:00,pos@1736263920.000.h5,4.9194666666666675
2025-01-07 10:33:00,pos@1736263980.000.h5,4.947873333333333
2025-01-07 10:34:00,pos@1736264040.000.h5,4.930353333333334
2025-01-07 10:35:00,pos@1736264100.000.h5,4.93452
2025-01-07 10:36:00,pos@1736264160.000.h5,4.933133333333334
2025-01-07 10:37:00,pos@1736264220.000.h5,4.16678
2025-01-07 10:38:00,pos@1736264280.000.h5,3.24594
2025-01-07 10:39:00,pos@1736264340.000.h5,4.924253333333334
2025-01-07 10:40:00,pos@1736264400.000.h5,4.9252666666666665
2025-01-07 10:41:00,pos@1736264460.000.h5,4.928753333333334
2025-01-07 10:42:00,pos@1736264520.000.h5,4.944246666666667
2025-01-07 10:43:00,pos@1736264580.000.h5,4.944706666666666
2025-01-07 10:44:00,pos@1736264640.000.h5,4.914606666666667
2025-01-07 10:45:00,pos@1736264700.000.h5,3.111373333333333
2025-01-07 10:46:00,pos@1736264760.000.h5,4.28684
2025-01-07 10:47:00,pos@1736264820.000.h5,4.91834
2025-01-07 10:48:00,pos@1736264880.000.h5,4.917113333333333
2025-01-07 10:49:00,pos@1736264940.000.h5,4.92774
2025-01-07 10:50:00,pos@1736265000.000.h5,4.912233333333334
2025-01-07 10:51:00,pos@1736265060.000.h5,4.941713333333333
2025-01-07 10:52:00,pos@1736265120.000.h5,4.920773333333333
2025-01-07 10:53:00,pos@1736265180.000.h5,2.440606666666667
2025-01-07 10:54:00,pos@1736265240.000.h5,4.944646666666666
2025-01-07 10:55:00,pos@1736265300.000.h5,4.9394
2025-01-07 10:56:00,pos@1736265360.000.h5,4.9184866666666665
2025-01-07 10:57:00,pos@1736265420.000.h5,4.924206666666667
2025-01-07 10:58:00,pos@1736265480.000.h5,4.907306666666666
2036-02-07 01:28:25,pos@1736265540.000.h5,4.948765714285714
2036-02-07 01:29:00,pos@2085978540.000.h5,4.92746
2036-02-07 01:30:00,pos@2085978600.000.h5,4.9345799999999995
2036-02-07 01:31:00,pos@2085978660.000.h5,4.921626666666667
2036-02-07 01:32:00,pos@2085978720.000.h5,4.938266666666666
2036-02-07 01:33:00,pos@2085978780.000.h5,4.927606666666667
2036-02-07 01:34:00,pos@2085978840.000.h5,4.918466666666666
2036-02-07 01:35:00,pos@2085978900.000.h5,4.909206666666666
2036-02-07 01:36:00,pos@2085978960.000.h5,4.917680000000001
2036-02-07 01:37:00,pos@2085979020.000.h5,4.915986666666666
2036-02-07 01:38:00,pos@2085979080.000.h5,4.915706666666667
2036-02-07 01:39:00,pos@2085979140.000.h5,4.931773333333333
2025-01-07 11:22:28,pos@2085979200.000.h5,4.9224
2025-01-07 11:24:05,pos@1736266980.000.h5,4.933709090909091
2025-01-07 11:25:00,pos@1736267100.000.h5,4.910906666666667
2025-01-07 11:26:00,pos@1736267160.000.h5,4.9045266666666665
2025-01-07 11:27:00,pos@1736267220.000.h5,4.914300000000001
2025-01-07 11:28:00,pos@1736267280.000.h5,4.908066666666667
2025-01-07 11:29:00,pos@1736267340.000.h5,4.909406666666667
2025-01-07 11:30:00,pos@1736267400.000.h5,4.924740000000001
2025-01-07 11:31:00,pos@1736267460.000.h5,4.91376
2025-01-07 11:32:00,pos@1736267520.000.h5,4.9058
2025-01-07 11:33:00,pos@1736267580.000.h5,4.91494
2025-01-07 11:34:00,pos@1736267640.000.h5,4.907446666666667
2025-01-07 11:35:00,pos@1736267700.000.h5,4.915673333333333
2025-01-07 11:36:00,pos@1736267760.000.h5,4.924366666666667
2025-01-07 11:37:00,pos@1736267820.000.h5,4.909113333333333
2025-01-07 11:38:00,pos@1736267880.000.h5,4.912373333333334
2025-01-07 11:39:00,pos@1736267940.000.h5,4.91454
2025-01-07 11:40:00,pos@1736268000.000.h5,4.917013333333333
2025-01-07 11:41:00,pos@1736268060.000.h5,4.93082
2025-01-07 11:42:00,pos@1736268120.000.h5,4.91058
2025-01-07 11:43:00,pos@1736268180.000.h5,4.912
2025-01-07 11:44:00,pos@1736268240.000.h5,4.9316933333333335
2025-01-07 11:45:00,pos@1736268300.000.h5,4.916193333333333
2025-01-07 11:46:00,pos@1736268360.000.h5,4.936273333333333
2025-01-07 11:47:00,pos@1736268420.000.h5,4.920826666666667
2025-01-07 11:48:00,pos@1736268480.000.h5,4.917246666666667
2025-01-07 11:49:00,pos@1736268540.000.h5,4.912566666666667
2025-01-07 11:50:00,pos@1736268600.000.h5,4.904273333333333
2025-01-07 11:51:00,pos@1736268660.000.h5,4.919146666666666
2025-01-07 11:52:00,pos@1736268720.000.h5,4.917253333333333
2025-01-07 11:53:00,pos@1736268780.000.h5,4.923006666666667
2025-01-07 11:54:00,pos@1736268840.000.h5,4.911366666666667
2025-01-07 11:55:00,pos@1736268900.000.h5,4.92064
2025-01-07 11:56:00,pos@1736268960.000.h5,4.909713333333333
2025-01-07 11:57:00,pos@1736269020.000.h5,4.9036
2025-01-07 11:58:00,pos@1736269080.000.h5,4.931233333333333
2025-01-07 11:59:00,pos@1736269140.000.h5,4.92186
2025-01-07 12:00:00,pos@1736269200.000.h5,4.911233333333334
2025-01-07 12:01:00,pos@1736269260.000.h5,4.900453333333333
2025-01-07 12:02:00,pos@1736269320.000.h5,4.9042
2025-01-07 12:03:00,pos@1736269380.000.h5,4.92316
2025-01-07 12:05:34,pos@1736269440.000.h5,4.965215384615385
2025-01-07 12:06:00,pos@1736269560.000.h5,4.929613333333333
2025-01-07 12:07:00,pos@1736269620.000.h5,4.92628
2025-01-07 12:08:00,pos@1736269680.000.h5,4.92056
2025-01-07 12:09:00,pos@1736269740.000.h5,4.953740000000001
2025-01-07 12:10:00,pos@1736269800.000.h5,4.938753333333333
2025-01-07 12:11:00,pos@1736269860.000.h5,4.926586666666667
2025-01-07 12:12:00,pos@1736269920.000.h5,4.917046666666667
2025-01-07 12:13:00,pos@1736269980.000.h5,4.907886666666666
2025-01-07 12:14:00,pos@1736270040.000.h5,4.910266666666667
2025-01-07 12:15:00,pos@1736270100.000.h5,4.92016
2025-01-07 12:16:00,pos@1736270160.000.h5,4.906873333333333
2025-01-07 12:17:00,pos@1736270220.000.h5,4.92128
2025-01-07 12:18:00,pos@1736270280.000.h5,4.897333333333333
2025-01-07 12:19:00,pos@1736270340.000.h5,4.913740000000001
2025-01-07 12:20:00,pos@1736270400.000.h5,4.91432
2025-01-07 12:21:00,pos@1736270460.000.h5,4.922453333333333
2025-01-07 12:22:00,pos@1736270520.000.h5,4.922166666666667
2025-01-07 12:23:00,pos@1736270580.000.h5,4.9184133333333335
2025-01-07 12:24:00,pos@1736270640.000.h5,4.903306666666667
2025-01-07 12:25:00,pos@1736270700.000.h5,4.9082
2025-01-07 12:26:00,pos@1736270760.000.h5,4.918806666666667
2025-01-07 12:27:00,pos@1736270820.000.h5,4.911946666666667
2025-01-07 12:28:00,pos@1736270880.000.h5,4.914513333333334
2025-01-07 12:29:00,pos@1736270940.000.h5,4.898493333333334
2025-01-07 12:30:00,pos@1736271000.000.h5,4.904826666666667
2025-01-07 12:31:00,pos@1736271060.000.h5,4.912073333333334
2025-01-07 12:32:00,pos@1736271120.000.h5,4.919013333333334
2025-01-07 12:33:00,pos@1736271180.000.h5,4.907766666666666
2025-01-07 12:34:00,pos@1736271240.000.h5,4.9131800000000005
2025-01-07 12:35:00,pos@1736271300.000.h5,4.900493333333333
2025-01-07 12:36:00,pos@1736271360.000.h5,4.907033333333334
2025-01-07 12:37:00,pos@1736271420.000.h5,4.924946666666667
2025-01-07 12:38:00,pos@1736271480.000.h5,4.90698
2025-01-07 12:39:00,pos@1736271540.000.h5,4.92034
2025-01-07 12:40:00,pos@1736271600.000.h5,4.91612
2025-01-07 12:41:00,pos@1736271660.000.h5,4.921653333333333
2025-01-07 12:42:00,pos@1736271720.000.h5,4.92266
2025-01-07 12:43:00,pos@1736271780.000.h5,4.923066666666667
2025-01-07 12:44:00,pos@1736271840.000.h5,4.915486666666666
2025-01-07 12:45:00,pos@1736271900.000.h5,4.921673333333334
2025-01-07 12:46:00,pos@1736271960.000.h5,4.905506666666667
2025-01-07 12:47:00,pos@1736272020.000.h5,4.9257599999999995
2025-01-07 12:48:00,pos@1736272080.000.h5,4.925879999999999
2025-01-07 12:49:00,pos@1736272140.000.h5,4.9241866666666665
2025-01-07 12:50:00,pos@1736272200.000.h5,4.913106666666667
2025-01-07 12:51:00,pos@1736272260.000.h5,4.916773333333333
2025-01-07 12:52:00,pos@1736272320.000.h5,4.910713333333333
2025-01-07 12:53:00,pos@1736272380.000.h5,4.918686666666667
2025-01-07 12:54:00,pos@1736272440.000.h5,4.942653333333333
2025-01-07 12:55:00,pos@1736272500.000.h5,4.9291133333333335
2025-01-07 12:56:00,pos@1736272560.000.h5,4.91714
2025-01-07 12:57:00,pos@1736272620.000.h5,4.919246666666667
2025-01-07 12:58:00,pos@1736272680.000.h5,4.913213333333334
2025-01-07 12:59:00,pos@1736272740.000.h5,4.909526666666667
2025-01-07 13:00:00,pos@1736272800.000.h5,4.92336
2025-01-07 13:01:00,pos@1736272860.000.h5,4.893326666666667
2025-01-07 13:02:00,pos@1736272920.000.h5,4.89008
2025-01-07 13:03:00,pos@1736272980.000.h5,4.9133
2025-01-07 13:04:00,pos@1736273040.000.h5,4.886073333333334
2025-01-07 13:05:00,pos@1736273100.000.h5,4.908813333333334
2025-01-07 13:06:00,pos@1736273160.000.h5,4.902946666666667
2025-01-07 13:07:00,pos@1736273220.000.h5,4.913946666666667
2025-01-07 13:08:00,pos@1736273280.000.h5,4.91728
2025-01-07 13:09:00,pos@1736273340.000.h5,4.889593333333333
2025-01-07 13:10:00,pos@1736273400.000.h5,4.9226
2025-01-07 13:11:00,pos@1736273460.000.h5,4.923306666666667
2025-01-07 13:12:00,pos@1736273520.000.h5,4.904586666666667
2025-01-07 13:13:00,pos@1736273580.000.h5,4.90684
2025-01-07 13:14:00,pos@1736273640.000.h5,4.906866666666667
2025-01-07 13:15:00,pos@1736273700.000.h5,4.903926666666666
2025-01-07 13:16:00,pos@1736273760.000.h5,4.9223333333333334
2025-01-07 13:17:00,pos@1736273820.000.h5,4.911286666666666
2025-01-07 13:18:00,pos@1736273880.000.h5,4.894773333333333
2025-01-07 13:19:00,pos@1736273940.000.h5,4.90116
2025-01-07 13:20:00,pos@1736274000.000.h5,4.901800000000001
2025-01-07 13:21:00,pos@1736274060.000.h5,4.92368
2025-01-07 13:22:00,pos@1736274120.000.h5,4.9247000000000005
2025-01-07 13:23:00,pos@1736274180.000.h5,4.912039999999999
2025-01-07 13:24:00,pos@1736274240.000.h5,4.908073333333333
2025-01-07 13:25:00,pos@1736274300.000.h5,4.89776
2025-01-07 13:26:00,pos@1736274360.000.h5,4.91898
2025-01-07 13:27:00,pos@1736274420.000.h5,4.918673333333333
2025-01-07 13:28:00,pos@1736274480.000.h5,4.921273333333334
2025-01-07 13:29:00,pos@1736274540.000.h5,4.90024
2025-01-07 13:30:00,pos@1736274600.000.h5,4.905693333333334
2025-01-07 13:31:00,pos@1736274660.000.h5,4.89278
2025-01-07 13:32:00,pos@1736274720.000.h5,4.911300000000001
2025-01-07 13:33:00,pos@1736274780.000.h5,4.900286666666667
2025-01-07 13:34:00,pos@1736274840.000.h5,4.9046666666666665
2025-01-07 13:35:00,pos@1736274900.000.h5,4.9047133333333335
2025-01-07 13:36:00,pos@1736274960.000.h5,4.899313333333334
2025-01-07 13:37:00,pos@1736275020.000.h5,4.909926666666667
2025-01-07 13:38:00,pos@1736275080.000.h5,4.923406666666667
2025-01-07 13:39:00,pos@1736275140.000.h5,4.92092
2025-01-07 13:40:00,pos@1736275200.000.h5,4.909846666666667
2025-01-07 13:41:00,pos@1736275260.000.h5,4.916286666666667
2025-01-07 13:42:00,pos@1736275320.000.h5,4.90896
2025-01-07 13:43:00,pos@1736275380.000.h5,4.917573333333333
2025-01-07 13:44:00,pos@1736275440.000.h5,4.921146666666666
2025-01-07 13:45:00,pos@1736275500.000.h5,4.909553333333333
2025-01-07 13:46:00,pos@1736275560.000.h5,4.914726666666667
2025-01-07 13:47:00,pos@1736275620.000.h5,4.901540000000001
2025-01-07 13:48:00,pos@1736275680.000.h5,4.904333333333334
2025-01-07 13:49:00,pos@1736275740.000.h5,4.913733333333334
2025-01-07 13:50:00,pos@1736275800.000.h5,4.915313333333334
2025-01-07 13:51:00,pos@1736275860.000.h5,4.911646666666667
2025-01-07 13:52:00,pos@1736275920.000.h5,4.91634
2025-01-07 13:53:00,pos@1736275980.000.h5,4.90604
2025-01-07 13:54:00,pos@1736276040.000.h5,4.92168
2025-01-07 13:55:00,pos@1736276100.000.h5,4.91048
2025-01-07 13:56:00,pos@1736276160.000.h5,4.915306666666667
2025-01-07 13:57:00,pos@1736276220.000.h5,4.90124
2025-01-07 13:58:00,pos@1736276280.000.h5,4.90876
2025-01-07 13:59:00,pos@1736276340.000.h5,4.917273333333333
2025-01-07 14:00:00,pos@1736276400.000.h5,4.933353333333334
2025-01-07 14:01:00,pos@1736276460.000.h5,4.923726666666667
2025-01-07 14:02:00,pos@1736276520.000.h5,4.918626666666667
2025-01-07 14:03:00,pos@1736276580.000.h5,4.908073333333333
2025-01-07 14:04:00,pos@1736276640.000.h5,4.90822
2025-01-07 14:05:00,pos@1736276700.000.h5,4.926806666666667
2025-01-07 14:06:00,pos@1736276760.000.h5,4.919233333333334
2025-01-07 14:07:00,pos@1736276820.000.h5,4.93008
2025-01-07 14:08:00,pos@1736276880.000.h5,4.904086666666667
2025-01-07 14:09:00,pos@1736276940.000.h5,4.903326666666667
2025-01-07 14:10:00,pos@1736277000.000.h5,4.908946666666667
2025-01-07 14:11:00,pos@1736277060.000.h5,4.92552
2025-01-07 14:12:00,pos@1736277120.000.h5,4.92552
2025-01-07 14:13:00,pos@1736277180.000.h5,4.91308
2025-01-07 14:14:00,pos@1736277240.000.h5,4.918793333333333
2025-01-07 14:15:00,pos@1736277300.000.h5,4.910593333333334
2025-01-07 14:16:00,pos@1736277360.000.h5,4.916793333333334
2025-01-07 14:17:00,pos@1736277420.000.h5,4.920873333333333
2025-01-07 14:18:00,pos@1736277480.000.h5,4.924173333333333
2025-01-07 14:19:00,pos@1736277540.000.h5,4.91592
2025-01-07 14:20:00,pos@1736277600.000.h5,4.936813333333333
2025-01-07 14:21:00,pos@1736277660.000.h5,4.914293333333333
2025-01-07 14:22:00,pos@1736277720.000.h5,4.9357066666666665
2025-01-07 14:23:00,pos@1736277780.000.h5,4.9210666666666665
2025-01-07 14:24:00,pos@1736277840.000.h5,4.91348
2025-01-07 14:25:00,pos@1736277900.000.h5,4.922113333333334
2025-01-07 14:26:00,pos@1736277960.000.h5,4.91228
2025-01-07 14:27:00,pos@1736278020.000.h5,4.92992
2025-01-07 14:28:00,pos@1736278080.000.h5,4.941553333333333
2025-01-07 14:29:00,pos@1736278140.000.h5,4.92846
2025-01-07 14:30:00,pos@1736278200.000.h5,4.914586666666667
2025-01-07 14:31:00,pos@1736278260.000.h5,4.9208799999999995
2025-01-07 14:32:00,pos@1736278320.000.h5,4.920346666666667
2025-01-07 14:33:00,pos@1736278380.000.h5,4.941753333333334
2025-01-07 14:34:00,pos@1736278440.000.h5,4.953546666666667
2025-01-07 14:35:00,pos@1736278500.000.h5,4.9180399999999995
2025-01-07 14:36:00,pos@1736278560.000.h5,4.9264
2025-01-07 14:37:00,pos@1736278620.000.h5,4.916
2025-01-07 14:38:00,pos@1736278680.000.h5,4.918113333333333
2025-01-07 14:39:00,pos@1736278740.000.h5,4.944213333333333
2025-01-07 14:40:00,pos@1736278800.000.h5,4.931753333333333
2025-01-07 14:41:00,pos@1736278860.000.h5,4.920493333333333
2025-01-07 14:42:00,pos@1736278920.000.h5,4.943073333333333
2025-01-07 14:43:00,pos@1736278980.000.h5,4.9325866666666665
2025-01-07 14:44:00,pos@1736279040.000.h5,4.9369266666666665
2025-01-07 14:45:00,pos@1736279100.000.h5,4.950640000000001
2025-01-07 14:46:00,pos@1736279160.000.h5,4.94414
2025-01-07 14:47:00,pos@1736279220.000.h5,4.934026666666667
2025-01-07 14:48:00,pos@1736279280.000.h5,4.938833333333333
2025-01-07 14:49:00,pos@1736279340.000.h5,4.93086
2025-01-07 14:50:00,pos@1736279400.000.h5,4.9447133333333335
2025-01-07 14:51:00,pos@1736279460.000.h5,4.956013333333334
2025-01-07 14:52:00,pos@1736279520.000.h5,4.937993333333333
2025-01-07 14:53:00,pos@1736279580.000.h5,4.93376
2025-01-07 14:54:00,pos@1736279640.000.h5,4.9344133333333335
2025-01-07 14:55:00,pos@1736279700.000.h5,4.9308
2025-01-07 14:56:00,pos@1736279760.000.h5,4.939566666666667
2025-01-07 14:57:00,pos@1736279820.000.h5,4.947226666666666
2025-01-07 14:58:00,pos@1736279880.000.h5,4.9410333333333325
2025-01-07 14:59:00,pos@1736279940.000.h5,4.944073333333334
2025-01-07 15:00:00,pos@1736280000.000.h5,4.9314
2025-01-07 15:01:00,pos@1736280060.000.h5,4.9432599999999995
2025-01-07 15:02:00,pos@1736280120.000.h5,4.960766666666666
2025-01-07 15:03:00,pos@1736280180.000.h5,4.949506666666667
2025-01-07 15:04:00,pos@1736280240.000.h5,4.9410333333333325
2025-01-07 15:05:00,pos@1736280300.000.h5,4.9360333333333335
2025-01-07 15:06:00,pos@1736280360.000.h5,4.944513333333334
2025-01-07 15:07:00,pos@1736280420.000.h5,4.951933333333333
2025-01-07 15:08:00,pos@1736280480.000.h5,4.957666666666666
2025-01-07 15:09:00,pos@1736280540.000.h5,4.94472
2025-01-07 15:10:00,pos@1736280600.000.h5,4.938986666666667
2025-01-07 15:11:00,pos@1736280660.000.h5,4.944686666666667
2025-01-07 15:12:00,pos@1736280720.000.h5,4.93184
2025-01-07 15:13:00,pos@1736280780.000.h5,4.95234
2025-01-07 15:14:00,pos@1736280840.000.h5,4.94238
2025-01-07 15:15:00,pos@1736280900.000.h5,4.941513333333334
2025-01-07 15:16:00,pos@1736280960.000.h5,4.94394
2025-01-07 15:17:00,pos@1736281020.000.h5,4.935966666666667
2025-01-07 15:18:00,pos@1736281080.000.h5,4.949173333333333
2025-01-07 15:19:00,pos@1736281140.000.h5,4.960533333333333
2025-01-07 15:20:00,pos@1736281200.000.h5,4.953333333333333
2025-01-07 15:21:00,pos@1736281260.000.h5,4.943753333333333
2025-01-07 15:22:00,pos@1736281320.000.h5,4.944473333333334
2025-01-07 15:23:00,pos@1736281380.000.h5,4.94604
2025-01-07 15:24:00,pos@1736281440.000.h5,4.953546666666666
2025-01-07 15:25:00,pos@1736281500.000.h5,4.97216
2025-01-07 15:26:00,pos@1736281560.000.h5,4.955786666666667
2025-01-07 15:27:00,pos@1736281620.000.h5,4.942746666666667
2025-01-07 15:28:00,pos@1736281680.000.h5,4.957013333333333
2025-01-07 15:29:00,pos@1736281740.000.h5,4.953946666666667
2025-01-07 15:30:00,pos@1736281800.000.h5,4.94212
2025-01-07 15:31:00,pos@1736281860.000.h5,4.95888
2025-01-07 15:32:00,pos@1736281920.000.h5,4.95066
2025-01-07 15:33:00,pos@1736281980.000.h5,4.935199999999999
2025-01-07 15:34:00,pos@1736282040.000.h5,4.940826666666666
2025-01-07 15:35:00,pos@1736282100.000.h5,4.929406666666666
2025-01-07 15:36:00,pos@1736282160.000.h5,4.9506733333333335
2025-01-07 15:37:00,pos@1736282220.000.h5,4.964986666666666
2025-01-07 15:38:00,pos@1736282280.000.h5,4.94928
2025-01-07 15:39:00,pos@1736282340.000.h5,4.942993333333333
2025-01-07 15:40:00,pos@1736282400.000.h5,4.934866666666667
2025-01-07 15:41:00,pos@1736282460.000.h5,4.949599999999999
2025-01-07 15:42:00,pos@1736282520.000.h5,4.959666666666666
2025-01-07 15:43:00,pos@1736282580.000.h5,4.960673333333333
2025-01-07 15:44:00,pos@1736282640.000.h5,4.945259999999999
2025-01-07 15:45:00,pos@1736282700.000.h5,4.953233333333333
2025-01-07 15:46:00,pos@1736282760.000.h5,4.947133333333333
2025-01-07 15:47:00,pos@1736282820.000.h5,4.94076
2025-01-07 15:48:00,pos@1736282880.000.h5,4.968813333333333
2025-01-07 15:49:00,pos@1736282940.000.h5,4.944746666666667
2025-01-07 15:50:00,pos@1736283000.000.h5,4.93866
2025-01-07 15:51:00,pos@1736283060.000.h5,4.9451
2025-01-07 15:52:00,pos@1736283120.000.h5,4.928613333333334
2025-01-07 15:53:00,pos@1736283180.000.h5,4.960733333333334
2025-01-07 15:54:00,pos@1736283240.000.h5,4.964986666666666
2025-01-07 15:55:00,pos@1736283300.000.h5,4.955046666666666
2025-01-07 15:56:00,pos@1736283360.000.h5,4.957246666666667
2025-01-07 15:57:00,pos@1736283420.000.h5,4.950353333333334
2025-01-07 15:58:00,pos@1736283480.000.h5,4.94794
2025-01-07 15:59:00,pos@1736283540.000.h5,4.959313333333333
2025-01-07 16:00:00,pos@1736283600.000.h5,4.940053333333333
2025-01-07 16:01:00,pos@1736283660.000.h5,4.940206666666667
2025-01-07 16:02:00,pos@1736283720.000.h5,4.9393
2025-01-07 16:03:00,pos@1736283780.000.h5,4.935826666666666
2025-01-07 16:04:00,pos@1736283840.000.h5,4.93512
2025-01-07 16:05:00,pos@1736283900.000.h5,4.970886666666667
2025-01-07 16:06:00,pos@1736283960.000.h5,4.948266666666667
2025-01-07 16:07:00,pos@1736284020.000.h5,4.947266666666667
2025-01-07 16:08:00,pos@1736284080.000.h5,4.967773333333334
2025-01-07 16:09:00,pos@1736284140.000.h5,4.954106666666666
2025-01-07 16:10:00,pos@1736284200.000.h5,4.94472
2025-01-07 16:11:00,pos@1736284260.000.h5,4.9659
2025-01-07 16:12:00,pos@1736284320.000.h5,4.956213333333333
2025-01-07 16:13:00,pos@1736284380.000.h5,4.952846666666667
2025-01-07 16:14:00,pos@1736284440.000.h5,4.95648
2025-01-07 16:15:00,pos@1736284500.000.h5,4.936413333333333
2025-01-07 16:16:00,pos@1736284560.000.h5,4.9457933333333335
2025-01-07 16:17:00,pos@1736284620.000.h5,4.9678466666666665
2025-01-07 16:18:00,pos@1736284680.000.h5,4.955933333333333
2025-01-07 16:19:00,pos@1736284740.000.h5,4.94686
2025-01-07 16:20:00,pos@1736284800.000.h5,4.95982
2025-01-07 16:21:00,pos@1736284860.000.h5,4.950433333333333
2025-01-07 16:22:00,pos@1736284920.000.h5,4.9550399999999994
2025-01-07 16:23:00,pos@1736284980.000.h5,4.966153333333334
2025-01-07 16:24:00,pos@1736285040.000.h5,4.947686666666667
2025-01-07 16:25:00,pos@1736285100.000.h5,4.943666666666667
2025-01-07 16:26:00,pos@1736285160.000.h5,4.941353333333333
2025-01-07 16:27:00,pos@1736285220.000.h5,4.948033333333334
2025-01-07 16:28:00,pos@1736285280.000.h5,4.974073333333334
2025-01-07 16:29:00,pos@1736285340.000.h5,4.968773333333333
2025-01-07 16:30:00,pos@1736285400.000.h5,4.943886666666667
2025-01-07 16:31:00,pos@1736285460.000.h5,4.961666666666667
2025-01-07 16:32:00,pos@1736285520.000.h5,4.958046666666666
2025-01-07 16:33:00,pos@1736285580.000.h5,4.951413333333334
2025-01-07 16:34:00,pos@1736285640.000.h5,4.971166666666667
2025-01-07 16:35:00,pos@1736285700.000.h5,4.966013333333334
2025-01-07 16:36:00,pos@1736285760.000.h5,4.957333333333334
2025-01-07 16:37:00,pos@1736285820.000.h5,4.962086666666667
2025-01-07 16:38:00,pos@1736285880.000.h5,4.954106666666667
2025-01-07 16:39:00,pos@1736285940.000.h5,4.959593333333333
2025-01-07 16:40:00,pos@1736286000.000.h5,4.97646
2025-01-07 16:41:00,pos@1736286060.000.h5,4.963726666666666
2025-01-07 16:42:00,pos@1736286120.000.h5,4.9595
2025-01-07 16:43:00,pos@1736286180.000.h5,4.97112
2025-01-07 16:44:00,pos@1736286240.000.h5,4.96022
2025-01-07 16:45:00,pos@1736286300.000.h5,4.962253333333334
2025-01-07 16:46:00,pos@1736286360.000.h5,4.975626666666667
2025-01-07 16:47:00,pos@1736286420.000.h5,4.9690666666666665
2025-01-07 16:48:00,pos@1736286480.000.h5,4.95944
2025-01-07 16:49:00,pos@1736286540.000.h5,4.964833333333333
2025-01-07 16:50:00,pos@1736286600.000.h5,4.971406666666667
2025-01-07 16:51:00,pos@1736286660.000.h5,4.96912
2025-01-07 16:52:00,pos@1736286720.000.h5,4.982733333333334
2025-01-07 16:53:00,pos@1736286780.000.h5,4.965393333333333
2025-01-07 16:54:00,pos@1736286840.000.h5,4.969733333333334
2025-01-07 16:55:00,pos@1736286900.000.h5,4.97986
2025-01-07 16:56:00,pos@1736286960.000.h5,4.962886666666667
2025-01-07 16:57:00,pos@1736287020.000.h5,4.95602
2025-01-07 16:58:00,pos@1736287080.000.h5,4.966513333333333
2025-01-07 16:59:00,pos@1736287140.000.h5,4.937773333333333
2025-01-07 17:00:00,pos@1736287200.000.h5,4.952766666666666
2025-01-07 17:01:00,pos@1736287260.000.h5,4.9630600000000005
2025-01-07 17:02:00,pos@1736287320.000.h5,4.945246666666667
2025-01-07 17:03:00,pos@1736287380.000.h5,4.9685733333333335
2025-01-07 17:04:00,pos@1736287440.000.h5,4.975526666666667
2025-01-07 17:05:00,pos@1736287500.000.h5,4.95518
2025-01-07 17:06:00,pos@1736287560.000.h5,4.94874
2025-01-07 17:07:00,pos@1736287620.000.h5,4.9473666666666665
2025-01-07 17:08:00,pos@1736287680.000.h5,4.951746666666667
2025-01-07 17:09:00,pos@1736287740.000.h5,4.9722599999999995
2025-01-07 17:10:00,pos@1736287800.000.h5,4.94384
2025-01-07 17:11:00,pos@1736287860.000.h5,4.962293333333334
2025-01-07 17:12:00,pos@1736287920.000.h5,4.963333333333333
2025-01-07 17:13:00,pos@1736287980.000.h5,4.943013333333334
2025-01-07 17:14:00,pos@1736288040.000.h5,4.970026666666667
2025-01-07 17:15:00,pos@1736288100.000.h5,4.975366666666667
2025-01-07 17:16:00,pos@1736288160.000.h5,4.955653333333333
2025-01-07 17:17:00,pos@1736288220.000.h5,4.958833333333334
2025-01-07 17:18:00,pos@1736288280.000.h5,4.951613333333333
2025-01-07 17:19:00,pos@1736288340.000.h5,4.949879999999999
2025-01-07 17:20:00,pos@1736288400.000.h5,4.96006
2025-01-07 17:21:00,pos@1736288460.000.h5,4.977306666666666
2025-01-07 17:22:00,pos@1736288520.000.h5,4.97166
2025-01-07 17:23:00,pos@1736288580.000.h5,4.948573333333334
2025-01-07 17:24:00,pos@1736288640.000.h5,4.953713333333333
2025-01-07 17:25:00,pos@1736288700.000.h5,4.9609266666666665
2025-01-07 17:26:00,pos@1736288760.000.h5,4.964933333333333
2025-01-07 17:27:00,pos@1736288820.000.h5,4.9771
2025-01-07 17:28:00,pos@1736288880.000.h5,4.96132
2025-01-07 17:29:00,pos@1736288940.000.h5,4.94574
2025-01-07 17:30:00,pos@1736289000.000.h5,4.977259999999999
2025-01-07 17:31:00,pos@1736289060.000.h5,4.962766666666666
2025-01-07 17:32:00,pos@1736289120.000.h5,4.9821599999999995
2025-01-07 17:33:00,pos@1736289180.000.h5,4.980713333333333
2025-01-07 17:34:00,pos@1736289240.000.h5,4.9743
2025-01-07 17:35:00,pos@1736289300.000.h5,4.952139999999999
2025-01-07 17:36:00,pos@1736289360.000.h5,4.967693333333334
2025-01-07 17:37:00,pos@1736289420.000.h5,4.976406666666667
2025-01-07 17:38:00,pos@1736289480.000.h5,4.974066666666667
2025-01-07 17:39:00,pos@1736289540.000.h5,4.98186
2025-01-07 17:40:00,pos@1736289600.000.h5,4.967193333333333
2025-01-07 17:41:00,pos@1736289660.000.h5,4.958733333333334
2025-01-07 17:42:00,pos@1736289720.000.h5,4.9694
2025-01-07 17:43:00,pos@1736289780.000.h5,4.990366666666667
2025-01-07 17:44:00,pos@1736289840.000.h5,4.989353333333333
2025-01-07 17:45:00,pos@1736289900.000.h5,4.98454
2025-01-07 17:46:00,pos@1736289960.000.h5,4.9695133333333334
2025-01-07 17:47:00,pos@1736290020.000.h5,4.981766666666666
2025-01-07 17:48:00,pos@1736290080.000.h5,4.968806666666667
2025-01-07 17:49:00,pos@1736290140.000.h5,4.97678
2025-01-07 17:50:00,pos@1736290200.000.h5,4.98382
2025-01-07 17:51:00,pos@1736290260.000.h5,4.980346666666667
2025-01-07 17:52:00,pos@1736290320.000.h5,4.980133333333334
2025-01-07 17:53:00,pos@1736290380.000.h5,4.979006666666667
2025-01-07 17:54:00,pos@1736290440.000.h5,4.97854
2025-01-07 17:55:00,pos@1736290500.000.h5,4.979486666666667
2025-01-07 17:56:00,pos@1736290560.000.h5,4.990973333333334
2025-01-07 17:57:00,pos@1736290620.000.h5,4.983446666666667
2025-01-07 17:58:00,pos@1736290680.000.h5,4.9858400000000005
2025-01-07 17:59:00,pos@1736290740.000.h5,4.978586666666667
2025-01-07 18:00:00,pos@1736290800.000.h5,4.980526666666667
2025-01-07 18:01:00,pos@1736290860.000.h5,4.978986666666667
2025-01-07 18:02:00,pos@1736290920.000.h5,4.99072
2025-01-07 18:03:00,pos@1736290980.000.h5,4.988353333333333
2025-01-07 18:04:00,pos@1736291040.000.h5,4.980180000000001
2025-01-07 18:05:00,pos@1736291100.000.h5,4.983153333333333
2025-01-07 18:06:00,pos@1736291160.000.h5,4.975366666666667
2025-01-07 18:07:00,pos@1736291220.000.h5,4.984979999999999
2025-01-07 18:08:00,pos@1736291280.000.h5,4.985433333333333
2025-01-07 18:09:00,pos@1736291340.000.h5,4.97264
2025-01-07 18:10:00,pos@1736291400.000.h5,4.985166666666666
2025-01-07 18:11:00,pos@1736291460.000.h5,4.974773333333334
2025-01-07 18:12:00,pos@1736291520.000.h5,4.978373333333333
2025-01-07 18:13:00,pos@1736291580.000.h5,4.986573333333333
2025-01-07 18:14:00,pos@1736291640.000.h5,4.9955066666666665
2025-01-07 18:15:00,pos@1736291700.000.h5,4.9806333333333335
2025-01-07 18:16:00,pos@1736291760.000.h5,4.981879999999999
2025-01-07 18:17:00,pos@1736291820.000.h5,4.98772
2025-01-07 18:18:00,pos@1736291880.000.h5,4.976406666666667
2025-01-07 18:19:00,pos@1736291940.000.h5,4.978566666666667
2025-01-07 18:20:00,pos@1736292000.000.h5,4.994713333333333
2025-01-07 18:21:00,pos@1736292060.000.h5,4.978886666666667
2025-01-07 18:22:00,pos@1736292120.000.h5,4.981146666666667
2025-01-07 18:23:00,pos@1736292180.000.h5,4.97928
2025-01-07 18:24:00,pos@1736292240.000.h5,4.97872
2025-01-07 18:25:00,pos@1736292300.000.h5,4.984166666666667
2025-01-07 18:26:00,pos@1736292360.000.h5,4.9923866666666665
2025-01-07 18:27:00,pos@1736292420.000.h5,4.98422
2025-01-07 18:28:00,pos@1736292480.000.h5,4.98074
2025-01-07 18:29:00,pos@1736292540.000.h5,4.98162
2025-01-07 18:30:00,pos@1736292600.000.h5,4.98644
2025-01-07 18:31:00,pos@1736292660.000.h5,4.987
2025-01-07 18:32:00,pos@1736292720.000.h5,4.98822
2025-01-07 18:33:00,pos@1736292780.000.h5,4.9909799999999995
2025-01-07 18:34:00,pos@1736292840.000.h5,4.980546666666666
2025-01-07 18:35:00,pos@1736292900.000.h5,4.990973333333334
2025-01-07 18:36:00,pos@1736292960.000.h5,4.980860000000001
2025-01-07 18:37:00,pos@1736293020.000.h5,4.989833333333333
2025-01-07 18:38:00,pos@1736293080.000.h5,4.994973333333333
2025-01-07 18:39:00,pos@1736293140.000.h5,4.986766666666666
2025-01-07 18:40:00,pos@1736293200.000.h5,4.977586666666666
2025-01-07 18:41:00,pos@1736293260.000.h5,4.97902
2025-01-07 18:42:00,pos@1736293320.000.h5,4.982646666666667
2025-01-07 18:43:00,pos@1736293380.000.h5,4.9916
2025-01-07 18:44:00,pos@1736293440.000.h5,4.991726666666667
2025-01-07 18:45:00,pos@1736293500.000.h5,4.980479999999999
2025-01-07 18:46:00,pos@1736293560.000.h5,4.988193333333332
2025-01-07 18:47:00,pos@1736293620.000.h5,4.984213333333333
2025-01-07 18:48:00,pos@1736293680.000.h5,4.988153333333334
2025-01-07 18:49:00,pos@1736293740.000.h5,4.993553333333333
2025-01-07 18:50:00,pos@1736293800.000.h5,4.9870133333333335
2025-01-07 18:51:00,pos@1736293860.000.h5,4.997226666666667
2025-01-07 18:52:00,pos@1736293920.000.h5,4.990506666666667
2025-01-07 18:53:00,pos@1736293980.000.h5,4.972180000000001
2025-01-07 18:54:00,pos@1736294040.000.h5,4.9913799999999995
2025-01-07 18:55:00,pos@1736294100.000.h5,4.97918
2025-01-07 18:56:00,pos@1736294160.000.h5,4.997319999999999
2025-01-07 18:57:00,pos@1736294220.000.h5,4.978693333333333
2025-01-07 18:58:00,pos@1736294280.000.h5,4.974233333333333
2025-01-07 18:59:00,pos@1736294340.000.h5,4.98942
2025-01-07 19:00:43,pos@1736294400.000.h5,4.999670588235293
